Item_Identifier,Item_Fat_Content,Item_Weight,Item_MRP,Item_Visibility,Item_Outlet_Sales,Item_Type,Outlet_Identifier,Outlet_Establishment_Year,Outlet_Size,Outlet_Location_Type,Outlet_Type,Item_Category
FD1000,Regular,18.71,54.17,0.0083,1331.12,Breakfast,OUT049,2007,High,Tier 1,Supermarket Type2,FD
FD1001,Regular,14.01,146.96,0.1772,561.21,Dairy,OUT018,1986,High,Tier 3,Supermarket Type2,FD
FD1002,Low Fat,,194.8,0.0738,2494.85,Household,OUT010,1987,High,Tier 1,Supermarket Type3,FD
FD1003,Low Fat,10.02,263.2,0.1794,4708.93,Fruits and Vegetables,OUT045,2003,Medium,Tier 2,Grocery Store,FD
FD1004,Low Fat,19.52,148.58,0.1529,4381.33,Soft Drinks,OUT010,1987,Small,Tier 3,Supermarket Type2,FD
FD1005,Low Fat,19.29,251.24,0.0625,4660.22,Baking Goods,OUT010,2004,,Tier 1,Supermarket Type2,FD
FD1006,Low Fat,17.34,111.05,0.1514,2521.08,Household,OUT049,1999,High,Tier 1,Supermarket Type1,FD
FD1007,Low Fat,6.38,148.72,0.0659,2188.44,Meat,OUT049,1995,Medium,Tier 3,Supermarket Type1,FD
FD1008,Regular,14.32,122.48,0.1476,1768.29,Breakfast,OUT010,1990,Small,Tier 2,Grocery Store,FD
FD1009,Regular,18.82,157.4,0.1781,1169.13,Household,OUT013,2008,High,Tier 1,Supermarket Type1,FD
FD1010,Low Fat,19.52,262.12,0.0954,1474.23,Fruits and Vegetables,OUT046,2005,Medium,Tier 1,Grocery Store,FD
FD1011,Low Fat,6.44,248.05,0.0319,3941.05,Meat,OUT018,2002,Small,Tier 2,Supermarket Type3,FD
FD1012,Regular,12.72,70.68,0.1897,4787.79,Meat,OUT017,2002,High,Tier 3,Supermarket Type2,FD
FD1013,Low Fat,10.94,280.54,0.0208,3536.29,Frozen Foods,OUT013,1985,High,Tier 2,Supermarket Type1,FD
FD1014,Low Fat,12.52,294.37,0.0334,3387.1,Soft Drinks,OUT046,1988,Small,Tier 3,Grocery Store,FD
FD1015,Low Fat,16.23,92.8,0.1929,2383.48,Soft Drinks,OUT027,1992,,Tier 1,Grocery Store,FD
FD1016,Low Fat,,150.58,0.1676,3185.45,Frozen Foods,OUT010,1996,Medium,Tier 3,Supermarket Type1,FD
FD1017,Regular,14.49,264.74,0.1026,779.53,Household,OUT046,2003,High,Tier 1,Supermarket Type2,FD
FD1018,Low Fat,11.59,281.42,0.131,1229.55,Dairy,OUT035,2006,,Tier 2,Supermarket Type3,FD
FD1019,Regular,6.62,83.3,0.0467,3418.23,Frozen Foods,OUT046,1989,Small,Tier 2,Supermarket Type2,FD
FD1020,Regular,10.01,233.51,0.1356,4726.71,Snack Foods,OUT045,1996,Medium,Tier 2,Supermarket Type2,FD
FD1021,Low Fat,6.51,166.92,0.15,2412.29,Meat,OUT010,1990,Small,Tier 2,Grocery Store,FD
FD1022,Low Fat,7.95,155.69,0.134,3540.09,Meat,OUT019,1990,Small,Tier 1,Grocery Store,FD
FD1023,Low Fat,19.58,63.0,0.1748,4097.22,Fruits and Vegetables,OUT045,1985,Medium,Tier 1,Supermarket Type2,FD
FD1024,Regular,6.03,197.23,0.0738,4496.9,Soft Drinks,OUT017,1988,High,Tier 1,Supermarket Type2,FD
FD1025,Regular,7.11,268.27,0.0205,3268.36,Baking Goods,OUT045,1989,Small,Tier 3,Supermarket Type3,FD
FD1026,Regular,,226.56,0.0873,3983.22,Health and Hygiene,OUT017,1991,High,Tier 2,Grocery Store,FD
FD1027,Low Fat,11.65,275.64,0.0519,4087.58,Fruits and Vegetables,OUT010,1999,High,Tier 2,Supermarket Type3,FD
FD1028,Low Fat,6.62,178.62,0.1754,801.89,Dairy,OUT035,2003,High,Tier 1,Supermarket Type3,FD
FD1029,Low Fat,17.35,293.96,0.1111,506.66,Baking Goods,OUT045,1989,,Tier 3,Supermarket Type2,FD
FD1030,Regular,12.59,243.26,0.0196,3886.85,Dairy,OUT013,1994,Small,Tier 3,Supermarket Type3,FD
FD1031,Regular,13.14,214.26,0.0983,4268.72,Soft Drinks,OUT018,1998,Small,Tier 2,Supermarket Type3,FD
FD1032,Low Fat,15.56,216.01,0.0925,2262.13,Dairy,OUT010,2004,Small,Tier 3,Supermarket Type1,FD
FD1033,Regular,15.95,221.33,0.0161,551.17,Meat,OUT045,2000,High,Tier 2,Supermarket Type1,FD
FD1034,Regular,13.33,234.99,0.0047,2951.14,Dairy,OUT035,2000,Medium,Tier 1,Supermarket Type1,FD
FD1035,Regular,18.07,146.89,0.1779,3483.38,Snack Foods,OUT046,2002,Medium,Tier 3,Supermarket Type3,FD
FD1036,Low Fat,16.85,236.37,0.1855,4646.96,Meat,OUT013,2006,High,Tier 3,Supermarket Type2,FD
FD1037,Regular,11.38,221.15,0.1926,3423.74,Fruits and Vegetables,OUT017,1995,High,Tier 3,Supermarket Type1,FD
FD1038,Low Fat,12.46,99.83,0.0444,2246.2,Baking Goods,OUT019,1990,Medium,Tier 1,Supermarket Type1,FD
FD1039,Regular,19.05,287.31,0.114,2042.62,Breakfast,OUT027,1987,High,Tier 2,Grocery Store,FD
FD1040,Regular,17.31,79.91,0.1839,4718.45,Health and Hygiene,OUT018,1988,High,Tier 1,Supermarket Type2,FD
FD1041,Low Fat,12.75,271.88,0.1672,3315.82,Snack Foods,OUT010,1993,Medium,Tier 1,Supermarket Type1,FD
FD1042,Regular,16.37,188.16,0.0212,1965.11,Frozen Foods,OUT013,2006,Medium,Tier 1,Supermarket Type2,FD
FD1043,Regular,5.34,74.46,0.0564,2727.42,Breakfast,OUT017,1991,High,Tier 1,Supermarket Type1,FD
FD1044,Low Fat,5.81,227.97,0.1395,979.93,Health and Hygiene,OUT010,2008,High,Tier 1,Supermarket Type3,FD
FD1045,Low Fat,7.45,200.57,0.0522,780.51,Breakfast,OUT019,1987,High,Tier 2,Supermarket Type1,FD
FD1046,Low Fat,9.95,90.85,0.1187,4111.04,Fruits and Vegetables,OUT046,1996,Medium,Tier 3,Supermarket Type2,FD
FD1047,Low Fat,15.39,284.12,0.0574,2896.23,Frozen Foods,OUT018,1995,Small,Tier 1,Supermarket Type1,FD
FD1048,Regular,7.07,86.6,0.1391,3496.47,Baking Goods,OUT049,1998,Small,Tier 3,Supermarket Type3,FD
FD1049,Regular,16.83,222.41,0.1203,3384.03,Snack Foods,OUT017,2003,High,Tier 2,Supermarket Type2,FD
FD1050,Regular,10.14,196.37,0.0682,979.13,Meat,OUT035,2002,High,Tier 3,Supermarket Type1,FD
FD1051,Regular,5.71,87.26,0.0374,2469.41,Soft Drinks,OUT017,1992,Small,Tier 3,Grocery Store,FD
FD1052,Low Fat,9.15,226.66,0.1886,3201.73,Health and Hygiene,OUT046,2001,High,Tier 2,Grocery Store,FD
FD1053,Low Fat,17.41,283.72,0.1069,799.78,Health and Hygiene,OUT035,2009,Small,Tier 3,Supermarket Type2,FD
FD1054,Regular,,196.49,0.1527,1766.04,Baking Goods,OUT018,2002,Medium,Tier 3,Supermarket Type3,FD
FD1055,Low Fat,,112.1,0.1051,4018.73,Breakfast,OUT019,1989,Small,Tier 1,Supermarket Type3,FD
FD1056,Regular,5.3,163.54,0.0525,3438.74,Soft Drinks,OUT049,1994,Medium,Tier 2,Grocery Store,FD
FD1057,Regular,9.76,87.79,0.0764,2473.36,Breakfast,OUT046,2001,High,Tier 3,Supermarket Type2,FD
FD1058,Regular,11.61,288.27,0.0103,2335.58,Snack Foods,OUT027,2002,High,Tier 2,Supermarket Type3,FD
FD1059,Regular,8.36,191.1,0.1165,3435.21,Meat,OUT049,1997,Medium,Tier 1,Supermarket Type3,FD
FD1060,Low Fat,13.76,103.87,0.1041,1285.51,Baking Goods,OUT013,1999,Medium,Tier 3,Grocery Store,FD
FD1061,Regular,9.85,107.15,0.0786,2440.71,Health and Hygiene,OUT049,1985,Small,Tier 1,Supermarket Type3,FD
FD1062,Low Fat,19.85,267.94,0.0336,2087.3,Breakfast,OUT035,2005,Medium,Tier 1,Supermarket Type2,FD
FD1063,Regular,15.45,112.29,0.0321,2926.22,Dairy,OUT049,2003,Medium,Tier 3,Grocery Store,FD
FD1064,Regular,10.02,237.55,0.1885,4015.17,Frozen Foods,OUT027,1996,,Tier 1,Supermarket Type3,FD
FD1065,Regular,18.92,92.84,0.1694,2526.05,Breakfast,OUT017,1996,Small,Tier 3,Grocery Store,FD
FD1066,Low Fat,7.9,134.71,0.0722,899.11,Health and Hygiene,OUT035,1991,Small,Tier 1,Supermarket Type1,FD
FD1067,Regular,17.42,293.69,0.0602,637.21,Health and Hygiene,OUT035,2007,Small,Tier 3,Supermarket Type2,FD
FD1068,Low Fat,6.99,275.94,0.0724,4423.93,Frozen Foods,OUT018,2003,Medium,Tier 2,Supermarket Type2,FD
FD1069,Low Fat,11.93,195.38,0.0406,4627.34,Baking Goods,OUT035,2003,Medium,Tier 3,Supermarket Type2,FD
FD1070,Low Fat,18.47,115.04,0.0122,1849.42,Frozen Foods,OUT049,1992,High,Tier 1,Grocery Store,FD
FD1071,Low Fat,8.81,171.98,0.0722,2642.45,Frozen Foods,OUT027,1994,Small,Tier 2,Supermarket Type2,FD
FD1072,Regular,12.78,229.78,0.1659,4197.72,Meat,OUT035,1985,,Tier 3,Supermarket Type2,FD
FD1073,Low Fat,,288.65,0.0727,4787.11,Dairy,OUT045,1997,High,Tier 3,Supermarket Type1,FD
FD1074,Regular,9.59,203.25,0.1248,1698.3,Health and Hygiene,OUT019,2001,High,Tier 2,Grocery Store,FD
FD1075,Regular,,251.07,0.0655,1955.51,Frozen Foods,OUT045,1987,Medium,Tier 1,Supermarket Type3,FD
FD1076,Low Fat,15.78,209.04,0.0643,3017.25,Soft Drinks,OUT019,1999,High,Tier 1,Supermarket Type1,FD
FD1077,Regular,12.26,147.52,0.1318,4636.12,Health and Hygiene,OUT017,1996,High,Tier 2,Supermarket Type2,FD
FD1078,Low Fat,15.27,199.91,0.1037,2746.94,Household,OUT019,1987,Medium,Tier 2,Supermarket Type1,FD
FD1079,Low Fat,16.74,88.65,0.1502,4997.09,Soft Drinks,OUT049,2004,Medium,Tier 3,Grocery Store,FD
FD1080,Regular,11.54,64.23,0.0216,2072.18,Frozen Foods,OUT046,2008,Medium,Tier 1,Supermarket Type1,FD
FD1081,Low Fat,5.94,111.42,0.1842,992.05,Snack Foods,OUT035,1991,High,Tier 3,Grocery Store,FD
FD1082,Regular,17.16,104.33,0.0485,3532.18,Fruits and Vegetables,OUT010,2006,Small,Tier 3,Grocery Store,FD
FD1083,Low Fat,10.93,181.81,0.1825,2454.51,Fruits and Vegetables,OUT019,1993,Medium,Tier 1,Supermarket Type2,FD
FD1084,Low Fat,5.03,277.73,0.0309,1268.85,Baking Goods,OUT019,1997,Small,Tier 1,Supermarket Type3,FD
FD1085,Low Fat,10.71,60.59,0.1082,4764.26,Health and Hygiene,OUT035,1991,High,Tier 3,Supermarket Type3,FD
FD1086,Regular,,88.61,0.0764,4671.85,Health and Hygiene,OUT046,1999,Medium,Tier 1,Supermarket Type3,FD
FD1087,Regular,8.2,180.99,0.1821,1986.86,Baking Goods,OUT018,2003,,Tier 2,Supermarket Type2,FD
FD1088,Regular,12.13,85.34,0.0302,630.77,Breakfast,OUT035,1998,Medium,Tier 2,Supermarket Type3,FD
FD1089,Regular,11.48,269.29,0.1424,3319.82,Dairy,OUT035,1986,Medium,Tier 2,Supermarket Type2,FD
FD1090,Low Fat,6.74,168.7,0.1699,3405.09,Breakfast,OUT027,1990,Medium,Tier 2,Supermarket Type3,FD
FD1091,Low Fat,12.37,159.6,0.0038,2878.22,Health and Hygiene,OUT035,2004,Small,Tier 1,Grocery Store,FD
FD1092,Regular,10.7,252.05,0.0125,4818.54,Snack Foods,OUT018,1987,,Tier 3,Supermarket Type3,FD
FD1093,Low Fat,,203.1,0.0175,4631.88,Soft Drinks,OUT049,1997,Small,Tier 2,Supermarket Type1,FD
FD1094,Regular,19.53,89.84,0.1592,955.84,Soft Drinks,OUT049,1990,Medium,Tier 3,Supermarket Type1,FD
FD1095,Regular,,142.82,0.1288,3671.03,Soft Drinks,OUT010,1994,Medium,Tier 3,Grocery Store,FD
FD1096,Low Fat,18.29,271.95,0.1387,3511.23,Meat,OUT035,1985,Medium,Tier 2,Grocery Store,FD
FD1097,Regular,12.62,190.62,0.0647,2289.43,Dairy,OUT049,2000,High,Tier 1,Grocery Store,FD
FD1098,Low Fat,19.65,66.07,0.1957,2609.12,Frozen Foods,OUT018,1987,Small,Tier 3,Supermarket Type3,FD
FD1099,Regular,10.08,86.5,0.0562,4097.6,Breakfast,OUT017,1999,Small,Tier 3,Supermarket Type1,FD
FD1088,Regular,16.53,294.41,0.15,3001.22,Health and Hygiene,OUT046,2006,Medium,Tier 2,Supermarket Type1,FD
FD1040,Regular,11.35,187.83,0.0,3010.22,Baking Goods,OUT046,1995,Small,Tier 2,Supermarket Type3,FD
FD1092,Regular,6.74,201.07,0.09,1420.57,Dairy,OUT049,1988,High,Tier 1,Supermarket Type3,FD
FD1015,Regular,19.38,91.27,0.24,2394.88,Snack Foods,OUT017,1989,Medium,Tier 2,Grocery Store,FD
FD1020,Regular,16.34,288.2,0.0,5428.99,Soft Drinks,OUT049,1997,Medium,Tier 3,Supermarket Type2,FD
FD1036,Regular,9.9,158.58,0.07,2274.98,Baking Goods,OUT045,2004,Medium,Tier 2,Supermarket Type2,FD
FD1085,Low Fat,14.59,123.53,0.01,4068.58,Breakfast,OUT013,1994,High,Tier 2,Supermarket Type1,FD
FD1044,Low Fat,14.89,27.57,0.15,5159.41,Household,OUT019,2004,Small,Tier 3,Supermarket Type2,FD
FD1015,Low Fat,9.57,239.29,0.02,1205.99,Meat,OUT017,1994,High,Tier 1,Supermarket Type3,FD
FD1068,Low Fat,9.1,216.46,0.13,3332.78,Fruits and Vegetables,OUT018,1992,High,Tier 3,Supermarket Type2,FD
FD1050,Low Fat,18.95,125.18,0.19,4424.4,Breakfast,OUT019,2007,High,Tier 3,Supermarket Type1,FD
FD1091,Low Fat,9.08,65.28,0.08,1730.82,Meat,OUT035,2005,Small,Tier 1,Grocery Store,FD
FD1057,Regular,9.27,298.26,0.03,1685.94,Soft Drinks,OUT013,2008,High,Tier 1,Supermarket Type1,FD
FD1066,Low Fat,15.18,120.65,0.09,3985.88,Health and Hygiene,OUT018,2000,Medium,Tier 3,Grocery Store,FD
FD1052,Regular,5.94,165.66,0.05,2586.26,Fruits and Vegetables,OUT010,2001,Medium,Tier 3,Grocery Store,FD
FD1001,Regular,12.29,58.73,0.21,4190.09,Dairy,OUT049,2006,High,Tier 3,Supermarket Type3,FD
FD1075,Regular,4.71,207.54,0.18,1918.35,Snack Foods,OUT045,2007,Small,Tier 2,Supermarket Type2,FD
FD1099,Low Fat,15.55,113.88,0.13,4997.99,Baking Goods,OUT046,1998,High,Tier 2,Grocery Store,FD
FD1034,Regular,5.45,128.49,0.08,4906.98,Frozen Foods,OUT046,1995,Medium,Tier 2,Supermarket Type1,FD
FD1042,Low Fat,10.65,243.63,0.11,2588.05,Snack Foods,OUT045,2006,Small,Tier 2,Supermarket Type2,FD
FD1061,Regular,8.0,312.28,0.18,1837.7,Household,OUT010,2007,Small,Tier 2,Supermarket Type1,FD
FD1038,Regular,7.42,78.21,0.13,3450.68,Meat,OUT010,2005,High,Tier 3,Supermarket Type3,FD
FD1042,Regular,17.32,148.69,0.07,5255.67,Health and Hygiene,OUT049,2002,High,Tier 3,Grocery Store,FD
FD1055,Low Fat,14.09,160.94,0.17,2865.18,Meat,OUT013,2005,Small,Tier 2,Supermarket Type1,FD
FD1019,Regular,10.58,274.57,0.18,5727.22,Snack Foods,OUT017,2004,Small,Tier 2,Supermarket Type1,FD
FD1045,Regular,6.01,217.69,0.07,2405.72,Meat,OUT027,1985,High,Tier 2,Supermarket Type1,FD
FD1004,Regular,14.09,107.4,0.05,2791.17,Fruits and Vegetables,OUT027,1993,Medium,Tier 1,Supermarket Type2,FD
FD1041,Low Fat,18.52,300.86,0.03,4308.32,Fruits and Vegetables,OUT018,2009,High,Tier 1,Supermarket Type1,FD
FD1046,Regular,7.82,176.94,0.18,1741.97,Soft Drinks,OUT035,1985,Small,Tier 3,Supermarket Type2,FD
FD1088,Regular,13.57,250.35,0.02,1794.53,Meat,OUT046,1993,High,Tier 3,Grocery Store,FD
FD1027,Low Fat,8.1,67.79,0.09,6604.17,Dairy,OUT049,2009,Small,Tier 2,Supermarket Type3,FD
FD1049,Low Fat,16.37,122.98,0.14,3500.31,Baking Goods,OUT017,2005,Medium,Tier 1,Supermarket Type2,FD
FD1071,Regular,6.11,199.35,0.2,1368.22,Baking Goods,OUT049,1987,Small,Tier 1,Supermarket Type3,FD
FD1078,Regular,11.55,191.03,0.06,1356.49,Health and Hygiene,OUT027,1994,Small,Tier 1,Supermarket Type3,FD
FD1030,Low Fat,15.76,97.77,0.09,4200.34,Health and Hygiene,OUT018,1986,High,Tier 2,Supermarket Type3,FD
FD1079,Regular,11.38,292.11,0.07,496.45,Frozen Foods,OUT046,1990,Small,Tier 2,Supermarket Type2,FD
FD1039,Low Fat,19.5,165.16,0.0,2498.45,Meat,OUT010,1993,Small,Tier 3,Supermarket Type2,FD
FD1072,Regular,10.14,250.93,0.14,1567.76,Health and Hygiene,OUT010,2004,Medium,Tier 1,Grocery Store,FD
FD1076,Regular,11.73,145.15,0.04,3493.98,Meat,OUT019,1993,Small,Tier 3,Supermarket Type1,FD
FD1082,Regular,8.53,170.88,0.15,2696.63,Meat,OUT010,1989,High,Tier 3,Supermarket Type2,FD
FD1023,Regular,12.56,274.65,0.06,1286.09,Fruits and Vegetables,OUT017,1992,High,Tier 1,Supermarket Type3,FD
FD1079,Low Fat,17.17,162.67,0.14,2438.95,Baking Goods,OUT027,1992,Small,Tier 1,Grocery Store,FD
FD1016,Regular,20.06,176.19,0.2,3617.9,Snack Foods,OUT035,1988,Medium,Tier 1,Supermarket Type3,FD
FD1002,Low Fat,15.34,59.48,0.19,3727.02,Baking Goods,OUT017,1993,Medium,Tier 1,Supermarket Type3,FD
FD1026,Regular,11.81,234.13,0.03,2799.11,Fruits and Vegetables,OUT027,1990,Medium,Tier 2,Grocery Store,FD
FD1041,Regular,13.01,170.29,0.04,3055.08,Baking Goods,OUT027,1990,High,Tier 1,Supermarket Type3,FD
FD1053,Regular,4.79,194.42,0.15,2546.53,Household,OUT045,1991,High,Tier 3,Supermarket Type3,FD
FD1090,Low Fat,3.91,241.97,0.07,2658.29,Frozen Foods,OUT010,1995,Small,Tier 3,Supermarket Type2,FD
FD1067,Low Fat,8.19,163.12,0.11,3999.98,Snack Foods,OUT013,2005,Small,Tier 2,Supermarket Type1,FD
FD1010,Regular,9.82,116.99,0.17,5201.39,Snack Foods,OUT046,2004,Small,Tier 1,Supermarket Type1,FD
FD1086,Regular,7.71,323.09,0.13,3737.15,Fruits and Vegetables,OUT017,2003,Medium,Tier 3,Supermarket Type1,FD
FD1099,Low Fat,16.75,192.1,0.13,1734.14,Fruits and Vegetables,OUT017,1993,Medium,Tier 1,Grocery Store,FD
FD1095,Regular,10.45,195.47,0.14,0.0,Breakfast,OUT046,2004,Medium,Tier 2,Supermarket Type3,FD
FD1062,Regular,8.41,180.84,0.09,2733.39,Frozen Foods,OUT035,1996,High,Tier 2,Supermarket Type1,FD
FD1052,Low Fat,15.85,240.14,0.14,2728.45,Frozen Foods,OUT035,1985,Medium,Tier 1,Supermarket Type2,FD
FD1010,Low Fat,15.05,251.33,0.17,2025.43,Fruits and Vegetables,OUT046,2005,Medium,Tier 2,Supermarket Type3,FD
FD1021,Regular,8.49,159.4,0.13,826.26,Breakfast,OUT046,1996,Medium,Tier 1,Supermarket Type3,FD
FD1078,Regular,8.77,127.04,0.12,3604.06,Dairy,OUT018,1993,Small,Tier 3,Supermarket Type2,FD
FD1042,Low Fat,16.83,153.2,0.11,3289.88,Baking Goods,OUT018,2009,High,Tier 2,Grocery Store,FD
FD1099,Low Fat,14.98,291.14,0.06,2674.69,Meat,OUT010,1992,Small,Tier 3,Supermarket Type1,FD
FD1008,Regular,5.64,172.62,0.14,4728.76,Baking Goods,OUT049,2000,Small,Tier 2,Supermarket Type2,FD
FD1011,Low Fat,13.77,183.54,0.21,1217.16,Breakfast,OUT045,1996,Small,Tier 3,Supermarket Type1,FD
FD1092,Regular,19.69,164.86,0.11,3226.02,Snack Foods,OUT018,1991,High,Tier 1,Supermarket Type3,FD
FD1028,Regular,8.23,220.37,0.14,2140.79,Baking Goods,OUT019,1993,Small,Tier 2,Supermarket Type2,FD
FD1076,Low Fat,13.92,145.0,0.07,1695.35,Meat,OUT017,1994,Medium,Tier 1,Supermarket Type1,FD
FD1062,Regular,16.34,164.99,0.14,3031.54,Fruits and Vegetables,OUT027,1991,Small,Tier 3,Supermarket Type1,FD
FD1034,Regular,16.88,100.32,0.01,1943.43,Meat,OUT017,1985,Small,Tier 3,Supermarket Type2,FD
FD1071,Regular,8.14,124.08,0.2,3258.68,Household,OUT017,2009,High,Tier 2,Supermarket Type2,FD
FD1089,Regular,11.92,186.82,0.03,1616.93,Health and Hygiene,OUT035,1999,High,Tier 2,Supermarket Type2,FD
FD1060,Low Fat,17.55,122.52,0.0,4524.47,Meat,OUT019,1993,High,Tier 2,Grocery Store,FD
FD1006,Regular,11.98,145.62,0.05,1790.8,Fruits and Vegetables,OUT018,2009,High,Tier 3,Grocery Store,FD
FD1092,Low Fat,13.02,193.64,0.15,3697.05,Household,OUT018,2000,Medium,Tier 1,Supermarket Type1,FD
FD1044,Low Fat,14.42,136.11,0.03,2733.94,Household,OUT027,2004,High,Tier 2,Supermarket Type2,FD
FD1008,Regular,15.66,80.75,0.16,1659.7,Soft Drinks,OUT019,1990,Small,Tier 2,Supermarket Type2,FD
FD1064,Low Fat,11.22,233.01,0.15,2969.26,Meat,OUT019,1999,Small,Tier 3,Supermarket Type1,FD
FD1067,Low Fat,14.38,281.36,0.02,4449.85,Frozen Foods,OUT018,1991,Medium,Tier 1,Grocery Store,FD
FD1056,Regular,12.39,220.49,0.16,4394.57,Soft Drinks,OUT049,1988,Small,Tier 2,Grocery Store,FD
FD1045,Low Fat,16.1,200.65,0.1,3472.33,Meat,OUT046,2000,High,Tier 2,Supermarket Type3,FD
FD1099,Regular,12.25,160.34,0.18,5862.41,Dairy,OUT019,2008,Small,Tier 1,Grocery Store,FD
FD1030,Regular,12.39,149.17,0.13,3864.06,Frozen Foods,OUT018,1996,Small,Tier 1,Supermarket Type2,FD
FD1072,Regular,9.68,158.54,0.06,2344.5,Soft Drinks,OUT010,1995,Medium,Tier 2,Supermarket Type3,FD
FD1091,Low Fat,21.81,295.77,0.17,2612.83,Soft Drinks,OUT017,1995,Small,Tier 2,Grocery Store,FD
FD1064,Low Fat,5.08,283.74,0.03,4980.83,Soft Drinks,OUT010,2007,Medium,Tier 2,Grocery Store,FD
FD1037,Low Fat,12.61,173.18,0.16,1658.56,Snack Foods,OUT035,2007,Medium,Tier 1,Supermarket Type2,FD
FD1081,Regular,17.64,292.3,0.06,4453.04,Frozen Foods,OUT027,2006,Medium,Tier 1,Grocery Store,FD
FD1006,Low Fat,15.03,146.27,0.09,5542.8,Frozen Foods,OUT010,2003,Medium,Tier 3,Supermarket Type2,FD
FD1053,Low Fat,8.86,143.13,0.04,1265.08,Snack Foods,OUT010,1985,Medium,Tier 3,Supermarket Type2,FD
FD1018,Low Fat,15.89,172.81,0.05,1254.63,Snack Foods,OUT013,2007,High,Tier 2,Supermarket Type1,FD
FD1016,Regular,10.03,201.85,0.15,2764.59,Health and Hygiene,OUT010,1998,Small,Tier 1,Supermarket Type1,FD
FD1047,Regular,11.74,269.73,0.16,2620.66,Health and Hygiene,OUT018,2002,High,Tier 2,Supermarket Type3,FD
FD1001,Low Fat,9.86,247.95,0.21,2568.12,Frozen Foods,OUT018,1995,Small,Tier 2,Grocery Store,FD
FD1031,Regular,20.2,100.32,0.12,3879.02,Baking Goods,OUT027,2002,High,Tier 2,Supermarket Type3,FD
FD1013,Low Fat,17.65,235.34,0.07,3357.04,Household,OUT046,2004,High,Tier 2,Supermarket Type1,FD
FD1094,Low Fat,19.73,274.61,0.2,943.08,Health and Hygiene,OUT013,2001,Medium,Tier 1,Supermarket Type2,FD
FD1032,Low Fat,11.69,232.32,0.1,2426.19,Soft Drinks,OUT017,1994,Medium,Tier 3,Supermarket Type2,FD
FD1018,Regular,5.86,100.09,0.09,3549.61,Meat,OUT017,2004,Small,Tier 3,Supermarket Type3,FD
FD1002,Regular,10.0,126.51,0.13,0.0,Baking Goods,OUT027,2005,Small,Tier 2,Supermarket Type2,FD
FD1045,Low Fat,23.85,124.82,0.0,2859.56,Frozen Foods,OUT046,1985,High,Tier 1,Supermarket Type2,FD
FD1020,Regular,24.0,247.35,0.1,2683.97,Frozen Foods,OUT035,1985,Small,Tier 2,Supermarket Type3,FD
FD1024,Regular,16.4,166.36,0.19,1558.22,Fruits and Vegetables,OUT017,2006,High,Tier 3,Supermarket Type2,FD
FD1097,Low Fat,4.98,194.72,0.04,2225.14,Meat,OUT046,1985,High,Tier 2,Supermarket Type3,FD
FD1081,Low Fat,11.15,117.35,0.08,2754.65,Snack Foods,OUT045,1996,Small,Tier 3,Supermarket Type3,FD
FD1078,Regular,7.56,156.93,0.16,1300.43,Fruits and Vegetables,OUT018,1995,High,Tier 2,Grocery Store,FD
FD1026,Regular,13.33,242.12,0.05,4058.04,Breakfast,OUT046,1992,High,Tier 2,Supermarket Type3,FD
FD1075,Low Fat,16.46,111.77,0.0,1954.21,Fruits and Vegetables,OUT010,2001,Medium,Tier 2,Supermarket Type1,FD
FD1083,Low Fat,9.07,342.88,0.02,3102.07,Frozen Foods,OUT045,1993,Small,Tier 3,Grocery Store,FD
FD1035,Low Fat,14.74,162.36,0.19,1160.46,Baking Goods,OUT013,1999,Medium,Tier 2,Supermarket Type1,FD
FD1029,Low Fat,13.75,103.66,0.18,3030.55,Health and Hygiene,OUT019,1997,High,Tier 3,Supermarket Type1,FD
FD1079,Low Fat,9.32,248.84,0.13,3062.57,Frozen Foods,OUT045,2001,Small,Tier 1,Supermarket Type3,FD
FD1050,Low Fat,10.91,173.82,0.08,1553.0,Frozen Foods,OUT045,2008,Medium,Tier 3,Supermarket Type1,FD
FD1066,Regular,3.94,238.61,0.16,3302.64,Frozen Foods,OUT013,2002,Small,Tier 2,Supermarket Type2,FD
FD1054,Low Fat,7.23,89.96,0.14,2826.74,Meat,OUT019,2004,High,Tier 2,Supermarket Type2,FD
FD1017,Regular,22.4,226.56,0.13,1928.84,Fruits and Vegetables,OUT019,1999,High,Tier 2,Supermarket Type1,FD
FD1027,Regular,14.88,211.64,0.07,3722.44,Fruits and Vegetables,OUT035,1988,High,Tier 3,Supermarket Type2,FD
FD1082,Low Fat,18.05,191.32,0.18,2693.65,Breakfast,OUT049,1999,Medium,Tier 1,Supermarket Type2,FD
FD1099,Regular,11.89,268.02,0.08,1542.85,Baking Goods,OUT019,2002,Medium,Tier 2,Supermarket Type2,FD
FD1065,Regular,9.93,82.56,0.11,0.0,Soft Drinks,OUT045,2004,Small,Tier 1,Grocery Store,FD
FD1019,Low Fat,9.91,256.83,0.09,3094.22,Frozen Foods,OUT017,2005,Medium,Tier 1,Supermarket Type3,FD
FD1062,Low Fat,14.15,0.31,0.05,2399.24,Health and Hygiene,OUT027,2001,Small,Tier 3,Supermarket Type2,FD
FD1064,Regular,19.27,261.86,0.08,1696.57,Health and Hygiene,OUT049,1995,High,Tier 2,Supermarket Type2,FD
FD1047,Low Fat,17.28,86.48,0.12,3496.49,Health and Hygiene,OUT018,2005,Medium,Tier 1,Supermarket Type2,FD
FD1090,Regular,6.52,226.32,0.1,4224.14,Breakfast,OUT010,1989,Small,Tier 1,Grocery Store,FD
FD1010,Regular,15.19,99.37,0.12,2984.53,Household,OUT035,1998,Small,Tier 2,Supermarket Type3,FD
FD1041,Regular,11.72,198.97,0.14,3341.93,Meat,OUT045,1987,Small,Tier 3,Supermarket Type3,FD
FD1090,Regular,9.72,132.43,0.11,4639.73,Household,OUT045,1988,High,Tier 1,Supermarket Type2,FD
FD1070,Low Fat,13.22,194.96,0.04,2552.65,Soft Drinks,OUT019,2007,High,Tier 3,Supermarket Type3,FD
FD1052,Low Fat,8.85,188.53,0.15,3483.77,Breakfast,OUT045,1989,Medium,Tier 3,Supermarket Type1,FD
FD1056,Low Fat,2.1,-3.86,0.08,663.85,Meat,OUT017,1988,Small,Tier 2,Grocery Store,FD
FD1099,Regular,7.78,-37.65,0.01,4465.76,Fruits and Vegetables,OUT018,1990,Medium,Tier 2,Supermarket Type3,FD
FD1052,Low Fat,9.25,252.07,0.08,1551.87,Frozen Foods,OUT013,1990,High,Tier 2,Supermarket Type2,FD
FD1078,Regular,3.18,219.73,0.19,0.0,Dairy,OUT049,2007,Small,Tier 2,Supermarket Type1,FD
FD1045,Regular,10.86,132.81,0.16,2049.36,Snack Foods,OUT046,1998,Medium,Tier 2,Supermarket Type3,FD
FD1065,Low Fat,12.49,150.85,0.17,2616.74,Breakfast,OUT049,1987,Small,Tier 2,Supermarket Type1,FD
FD1045,Regular,9.03,131.56,0.07,2864.67,Dairy,OUT017,2004,Small,Tier 2,Supermarket Type1,FD
FD1014,Low Fat,15.1,305.05,0.18,2417.23,Household,OUT045,1986,Medium,Tier 1,Supermarket Type2,FD
FD1065,Regular,12.81,259.54,0.08,4656.0,Baking Goods,OUT027,2002,High,Tier 3,Supermarket Type3,FD
FD1003,Low Fat,14.11,284.87,0.06,2135.95,Breakfast,OUT017,1988,Small,Tier 3,Supermarket Type3,FD
FD1039,Low Fat,17.17,262.42,0.22,3856.37,Household,OUT019,2009,Small,Tier 3,Supermarket Type1,FD
FD1056,Regular,6.83,257.9,0.11,4259.89,Baking Goods,OUT049,2009,Small,Tier 1,Supermarket Type3,FD
FD1038,Regular,15.6,193.47,0.07,2802.82,Soft Drinks,OUT013,2004,Small,Tier 3,Supermarket Type1,FD
FD1082,Regular,14.94,256.46,0.13,2930.28,Health and Hygiene,OUT035,2007,High,Tier 3,Grocery Store,FD
FD1023,Low Fat,21.0,151.16,0.15,804.93,Health and Hygiene,OUT045,2003,Small,Tier 1,Supermarket Type3,FD
FD1095,Low Fat,13.87,405.66,0.09,5350.66,Baking Goods,OUT027,2000,Medium,Tier 2,Supermarket Type1,FD
FD1000,Low Fat,14.16,248.13,0.0,0.0,Baking Goods,OUT027,1989,High,Tier 2,Supermarket Type2,FD
FD1041,Regular,6.65,249.01,0.17,3259.29,Baking Goods,OUT010,1997,Small,Tier 3,Supermarket Type1,FD
FD1010,Low Fat,10.74,171.66,0.03,4278.65,Health and Hygiene,OUT010,2000,Small,Tier 1,Supermarket Type2,FD
FD1080,Low Fat,14.45,234.47,0.07,2402.58,Breakfast,OUT045,1987,Small,Tier 2,Supermarket Type2,FD
FD1025,Low Fat,18.87,170.77,0.21,3791.85,Snack Foods,OUT010,1985,Small,Tier 1,Grocery Store,FD
FD1030,Regular,10.94,164.01,0.03,5408.98,Snack Foods,OUT018,2003,Small,Tier 1,Supermarket Type3,FD
FD1047,Regular,20.58,165.11,0.06,1609.32,Snack Foods,OUT035,1996,High,Tier 3,Supermarket Type1,FD
FD1060,Regular,13.9,220.89,0.07,932.03,Baking Goods,OUT045,2002,Small,Tier 1,Grocery Store,FD
FD1078,Low Fat,11.55,-100.02,0.07,3967.49,Dairy,OUT045,1991,High,Tier 2,Grocery Store,FD
FD1068,Low Fat,11.24,183.62,0.11,1388.02,Baking Goods,OUT027,1991,High,Tier 2,Supermarket Type3,FD
FD1018,Regular,10.0,204.69,0.09,4195.38,Soft Drinks,OUT013,2001,Medium,Tier 2,Supermarket Type3,FD
FD1002,Low Fat,14.58,358.3,0.13,2333.75,Soft Drinks,OUT046,1995,Small,Tier 3,Supermarket Type3,FD
FD1015,Regular,16.81,148.43,0.1,3740.4,Frozen Foods,OUT019,1985,High,Tier 3,Supermarket Type2,FD
FD1066,Regular,10.03,221.17,0.09,2666.2,Fruits and Vegetables,OUT045,1999,Medium,Tier 3,Supermarket Type3,FD
FD1064,Low Fat,10.34,165.89,0.17,5757.65,Snack Foods,OUT018,1990,Small,Tier 3,Supermarket Type2,FD
FD1002,Low Fat,22.32,179.01,0.04,2842.97,Fruits and Vegetables,OUT019,1998,Medium,Tier 1,Grocery Store,FD
FD1049,Low Fat,9.55,168.08,0.08,3233.87,Household,OUT010,1995,Small,Tier 1,Supermarket Type2,FD
FD1068,Regular,18.17,233.9,0.19,3190.24,Health and Hygiene,OUT018,1991,Small,Tier 1,Grocery Store,FD
FD1004,Regular,9.32,222.28,0.12,6281.42,Dairy,OUT018,1985,Small,Tier 3,Supermarket Type2,FD
FD1073,Low Fat,11.24,201.94,0.06,2837.97,Breakfast,OUT019,2008,High,Tier 3,Supermarket Type2,FD
FD1064,Regular,14.46,293.71,0.14,2929.54,Fruits and Vegetables,OUT027,1992,High,Tier 3,Grocery Store,FD
FD1074,Low Fat,11.03,122.29,0.19,979.07,Baking Goods,OUT013,1986,High,Tier 2,Supermarket Type1,FD
FD1044,Regular,10.83,126.7,0.09,2799.95,Soft Drinks,OUT018,2008,Medium,Tier 1,Supermarket Type1,FD
FD1064,Low Fat,6.92,118.14,0.08,4533.64,Household,OUT017,1990,Small,Tier 3,Supermarket Type3,FD
FD1014,Regular,6.54,178.0,0.06,4347.26,Frozen Foods,OUT049,1995,Small,Tier 3,Supermarket Type2,FD
FD1082,Regular,22.92,245.66,0.09,1908.65,Soft Drinks,OUT046,1998,High,Tier 1,Supermarket Type1,FD
FD1004,Regular,18.49,223.56,0.23,3684.8,Fruits and Vegetables,OUT013,1996,High,Tier 3,Supermarket Type1,FD
FD1078,Regular,10.0,90.98,0.01,199.77,Frozen Foods,OUT027,1988,Small,Tier 2,Supermarket Type3,FD
FD1023,Regular,20.75,191.51,0.06,3892.22,Household,OUT049,1985,Medium,Tier 1,Grocery Store,FD
FD1031,Regular,7.82,166.16,0.14,2739.66,Soft Drinks,OUT049,1988,Medium,Tier 1,Supermarket Type1,FD
FD1010,Low Fat,14.44,47.08,0.16,4728.4,Baking Goods,OUT019,2009,Small,Tier 2,Supermarket Type2,FD
FD1021,Regular,10.9,92.76,0.15,2184.65,Baking Goods,OUT045,1994,Medium,Tier 3,Supermarket Type3,FD
FD1078,Regular,12.85,337.0,0.12,5341.92,Snack Foods,OUT049,1992,High,Tier 1,Supermarket Type1,FD
FD1050,Low Fat,10.52,201.66,0.03,3968.3,Frozen Foods,OUT017,2001,Small,Tier 2,Supermarket Type3,FD
FD1077,Regular,17.45,230.03,0.11,3648.06,Health and Hygiene,OUT035,2000,High,Tier 1,Supermarket Type2,FD
FD1082,Regular,14.78,125.04,0.2,809.2,Health and Hygiene,OUT018,2000,Small,Tier 1,Supermarket Type3,FD
FD1041,Low Fat,15.41,260.87,0.05,4386.08,Baking Goods,OUT049,2005,Medium,Tier 1,Grocery Store,FD
FD1067,Low Fat,17.71,167.36,0.11,3476.78,Breakfast,OUT013,2007,High,Tier 3,Supermarket Type2,FD
FD1016,Regular,9.63,98.54,0.13,2978.04,Health and Hygiene,OUT049,1999,Small,Tier 2,Supermarket Type2,FD
FD1098,Regular,15.01,220.06,0.1,1653.18,Breakfast,OUT049,1986,High,Tier 1,Grocery Store,FD
FD1052,Regular,13.73,242.43,0.17,2297.28,Baking Goods,OUT045,1992,Medium,Tier 3,Supermarket Type2,FD
FD1045,Regular,9.95,73.25,0.15,4051.04,Soft Drinks,OUT045,1990,High,Tier 1,Grocery Store,FD
FD1049,Low Fat,3.57,106.51,0.16,3286.52,Meat,OUT049,1991,High,Tier 1,Supermarket Type1,FD
FD1053,Low Fat,22.73,92.08,0.04,1113.67,Frozen Foods,OUT045,1990,High,Tier 2,Grocery Store,FD
FD1017,Regular,17.3,332.89,0.13,4621.7,Frozen Foods,OUT046,1995,Small,Tier 2,Supermarket Type3,FD
FD1011,Low Fat,17.38,189.34,0.1,3941.76,Snack Foods,OUT013,1999,Small,Tier 1,Supermarket Type1,FD
FD1066,Low Fat,11.8,23.58,0.18,2502.47,Breakfast,OUT046,1993,Medium,Tier 1,Supermarket Type1,FD
FD1055,Regular,12.58,210.92,0.23,1279.96,Fruits and Vegetables,OUT027,1995,High,Tier 3,Supermarket Type2,FD
FD1039,Regular,20.38,177.24,0.05,3811.49,Snack Foods,OUT018,1996,High,Tier 3,Supermarket Type2,FD
FD1056,Regular,12.34,276.65,0.08,1768.58,Household,OUT046,2001,Medium,Tier 1,Supermarket Type3,FD
FD1091,Regular,12.68,124.14,0.17,3280.6,Meat,OUT027,1996,Medium,Tier 3,Supermarket Type3,FD
FD1065,Low Fat,15.37,175.24,0.04,1758.03,Meat,OUT049,2008,Small,Tier 1,Supermarket Type1,FD
FD1078,Low Fat,4.48,186.24,0.03,1946.92,Frozen Foods,OUT027,1997,Small,Tier 1,Supermarket Type1,FD
FD1049,Low Fat,11.51,298.96,0.08,5138.39,Baking Goods,OUT019,1987,Medium,Tier 1,Supermarket Type2,FD
FD1051,Low Fat,11.91,244.27,0.1,3701.21,Breakfast,OUT046,1987,Medium,Tier 1,Supermarket Type3,FD
FD1014,Low Fat,16.75,218.77,0.16,3077.98,Snack Foods,OUT035,1994,High,Tier 3,Supermarket Type1,FD
FD1095,Regular,13.74,172.14,0.11,1169.79,Breakfast,OUT019,1998,Medium,Tier 1,Grocery Store,FD
FD1009,Regular,6.18,212.04,0.11,4197.34,Fruits and Vegetables,OUT045,1986,Small,Tier 1,Supermarket Type2,DR
FD1055,Regular,9.1,282.47,0.08,1972.79,Baking Goods,OUT046,2007,High,Tier 1,Supermarket Type3,DR
FD1064,Low Fat,12.14,155.48,0.14,3067.6,Household,OUT019,1995,Medium,Tier 1,Supermarket Type1,DR
FD1064,Regular,15.44,12.46,0.18,1748.25,Breakfast,OUT010,1990,High,Tier 2,Supermarket Type1,DR
FD1043,Low Fat,15.08,228.32,0.11,322.57,Dairy,OUT017,2004,Small,Tier 3,Supermarket Type2,DR
FD1023,Regular,13.69,55.88,0.07,4563.14,Baking Goods,OUT045,2006,Small,Tier 2,Grocery Store,DR
FD1054,Regular,14.65,16.25,0.03,1955.46,Snack Foods,OUT010,1989,High,Tier 3,Supermarket Type2,DR
FD1078,Regular,15.26,237.08,0.21,4571.25,Frozen Foods,OUT017,1987,Medium,Tier 3,Grocery Store,DR
FD1049,Low Fat,18.17,188.47,0.0,3578.25,Snack Foods,OUT013,1994,Medium,Tier 2,Supermarket Type3,DR
FD1075,Regular,10.88,157.09,0.06,1696.82,Breakfast,OUT049,1991,Medium,Tier 2,Supermarket Type2,DR
FD1099,Regular,13.01,213.96,0.17,2662.65,Frozen Foods,OUT018,1989,Small,Tier 3,Supermarket Type2,DR
FD1004,Low Fat,21.62,260.87,0.11,4386.65,Health and Hygiene,OUT035,2004,Small,Tier 2,Grocery Store,DR
FD1052,Regular,12.13,300.55,0.18,2432.18,Baking Goods,OUT019,2006,High,Tier 1,Supermarket Type1,DR
FD1093,Low Fat,10.61,237.44,0.08,3055.99,Frozen Foods,OUT049,1999,High,Tier 1,Supermarket Type3,DR
FD1018,Regular,9.56,117.6,0.12,1739.13,Meat,OUT019,1990,High,Tier 3,Supermarket Type3,DR
FD1027,Low Fat,11.46,154.19,0.12,4617.54,Fruits and Vegetables,OUT018,1990,Medium,Tier 2,Supermarket Type1,DR
FD1050,Regular,1.91,64.85,0.16,1795.96,Meat,OUT013,2003,Small,Tier 2,Supermarket Type1,DR
FD1089,Low Fat,18.91,190.67,0.05,3978.87,Snack Foods,OUT049,2007,Medium,Tier 2,Grocery Store,DR
FD1092,Regular,20.14,243.33,0.19,2525.57,Baking Goods,OUT045,1990,High,Tier 3,Supermarket Type3,DR
FD1087,Regular,18.21,86.63,0.1,1891.54,Baking Goods,OUT046,2003,Medium,Tier 1,Grocery Store,DR
FD1067,Low Fat,7.61,143.13,0.02,3726.64,Baking Goods,OUT046,1993,High,Tier 3,Supermarket Type1,DR
FD1073,Low Fat,9.57,29.53,0.16,2947.91,Frozen Foods,OUT019,1989,Medium,Tier 2,Supermarket Type3,DR
FD1091,Low Fat,10.33,91.49,0.17,4326.16,Health and Hygiene,OUT019,1995,Medium,Tier 2,Supermarket Type2,DR
FD1007,Low Fat,9.24,152.75,0.1,2486.49,Health and Hygiene,OUT019,1987,High,Tier 3,Supermarket Type3,DR
FD1032,Low Fat,16.81,234.55,0.0,4670.31,Meat,OUT017,2001,High,Tier 1,Supermarket Type3,DR
FD1018,Low Fat,14.09,181.71,0.08,1945.93,Fruits and Vegetables,OUT019,2008,Small,Tier 1,Supermarket Type3,DR
FD1012,Low Fat,11.02,202.67,0.0,781.66,Household,OUT019,1999,Medium,Tier 3,Grocery Store,DR
FD1099,Low Fat,19.7,108.02,0.16,3106.21,Meat,OUT019,2002,Medium,Tier 3,Supermarket Type2,DR
FD1027,Regular,9.1,223.68,0.16,3094.21,Fruits and Vegetables,OUT045,1985,Medium,Tier 3,Supermarket Type3,DR
FD1082,Low Fat,9.06,186.7,0.09,1047.91,Meat,OUT035,2006,High,Tier 3,Supermarket Type1,DR
FD1054,Regular,17.56,122.56,0.08,5885.63,Breakfast,OUT027,2007,Medium,Tier 1,Grocery Store,DR
FD1080,Low Fat,13.02,168.07,0.1,1209.76,Dairy,OUT018,1987,Small,Tier 1,Supermarket Type1,DR
FD1015,Regular,6.61,72.28,0.06,3075.48,Frozen Foods,OUT045,1994,Medium,Tier 3,Supermarket Type3,DR
FD1052,Low Fat,11.93,123.69,0.14,4221.12,Soft Drinks,OUT017,1985,High,Tier 1,Supermarket Type2,DR
FD1086,Low Fat,6.59,50.06,0.07,3166.1,Meat,OUT027,1986,Medium,Tier 2,Supermarket Type1,DR
FD1015,Regular,9.84,206.44,0.05,3477.11,Frozen Foods,OUT018,2000,Small,Tier 2,Grocery Store,DR
FD1014,Low Fat,6.84,284.49,0.07,5324.65,Snack Foods,OUT013,1991,Medium,Tier 1,Supermarket Type3,DR
FD1030,Low Fat,9.22,170.25,0.06,2701.03,Frozen Foods,OUT035,2006,High,Tier 2,Supermarket Type1,DR
FD1095,Low Fat,14.19,184.06,0.2,2203.14,Soft Drinks,OUT019,1992,Small,Tier 3,Supermarket Type2,DR
FD1078,Low Fat,8.89,256.84,0.22,2968.58,Baking Goods,OUT010,1996,Small,Tier 1,Supermarket Type2,DR
FD1081,Low Fat,17.51,167.47,0.07,2891.94,Meat,OUT045,1995,Medium,Tier 3,Supermarket Type3,DR
FD1003,Regular,6.63,294.61,0.05,3387.81,Baking Goods,OUT045,1998,Medium,Tier 2,Supermarket Type1,DR
FD1089,Low Fat,7.07,178.4,0.06,4888.07,Fruits and Vegetables,OUT013,1988,Small,Tier 1,Grocery Store,DR
FD1077,Regular,9.71,110.81,0.04,4259.99,Snack Foods,OUT018,1997,Small,Tier 1,Supermarket Type2,DR
FD1097,Low Fat,17.27,159.42,0.16,2552.11,Health and Hygiene,OUT019,1985,Medium,Tier 2,Supermarket Type1,DR
FD1074,Regular,20.4,246.16,0.01,4243.61,Breakfast,OUT019,1996,Small,Tier 3,Supermarket Type2,DR
FD1028,Low Fat,11.47,84.38,0.1,2023.57,Soft Drinks,OUT049,2003,Medium,Tier 3,Supermarket Type1,DR
FD1043,Regular,7.21,161.81,0.17,3988.82,Snack Foods,OUT046,2008,Medium,Tier 3,Supermarket Type2,DR
FD1041,Regular,6.39,211.39,0.14,3335.78,Household,OUT019,1992,Medium,Tier 3,Supermarket Type1,DR
FD1087,Regular,13.32,122.69,0.04,253.68,Fruits and Vegetables,OUT045,1993,High,Tier 1,Supermarket Type2,DR
FD1034,Low Fat,18.9,301.59,0.08,4963.62,Soft Drinks,OUT045,1992,High,Tier 1,Supermarket Type1,DR
FD1066,Regular,7.84,257.54,0.04,5238.62,Soft Drinks,OUT027,1991,High,Tier 2,Supermarket Type3,DR
FD1020,Regular,6.39,174.97,0.19,2128.32,Soft Drinks,OUT027,1992,High,Tier 2,Supermarket Type2,DR
FD1034,Regular,11.9,270.72,0.07,3423.19,Breakfast,OUT049,1999,Medium,Tier 3,Grocery Store,DR
FD1036,Low Fat,9.3,53.28,0.07,1783.79,Baking Goods,OUT045,1995,Small,Tier 2,Supermarket Type3,DR
FD1047,Low Fat,10.55,177.85,0.03,2786.79,Snack Foods,OUT046,2003,High,Tier 1,Grocery Store,DR
FD1091,Regular,7.7,123.88,0.1,4147.41,Snack Foods,OUT017,1996,Medium,Tier 1,Supermarket Type2,DR
FD1061,Low Fat,14.63,136.6,0.17,5077.57,Meat,OUT045,2002,High,Tier 2,Supermarket Type2,DR
FD1055,Low Fat,16.79,180.28,0.0,2135.12,Frozen Foods,OUT018,2000,Medium,Tier 1,Supermarket Type3,DR
FD1000,Low Fat,8.87,250.37,0.17,3491.74,Snack Foods,OUT046,1989,Medium,Tier 3,Grocery Store,DR
FD1034,Regular,12.28,199.72,0.11,3564.6,Baking Goods,OUT035,1994,High,Tier 1,Supermarket Type3,DR
FD1043,Low Fat,13.85,94.07,0.04,2060.65,Snack Foods,OUT027,1991,Small,Tier 2,Supermarket Type2,DR
FD1074,Regular,22.83,125.44,0.03,2207.03,Meat,OUT045,2006,Small,Tier 2,Supermarket Type1,DR
FD1004,Low Fat,14.07,219.03,0.18,4027.17,Dairy,OUT045,1991,Small,Tier 3,Supermarket Type1,DR
FD1011,Regular,9.33,225.4,0.13,2771.75,Household,OUT019,1987,Small,Tier 2,Supermarket Type1,DR
FD1073,Regular,19.04,189.59,0.0,4056.86,Snack Foods,OUT013,1990,Small,Tier 1,Grocery Store,DR
FD1033,Low Fat,-1.73,299.13,0.13,1500.86,Fruits and Vegetables,OUT013,1998,Small,Tier 1,Supermarket Type2,DR
FD1098,Low Fat,12.64,227.9,0.14,5723.49,Household,OUT013,1987,Small,Tier 3,Grocery Store,DR
FD1055,Low Fat,5.69,151.14,0.06,3082.21,Fruits and Vegetables,OUT046,2002,High,Tier 1,Supermarket Type2,DR
FD1090,Low Fat,6.06,144.57,0.08,2805.47,Soft Drinks,OUT017,2009,High,Tier 1,Supermarket Type1,DR
FD1027,Low Fat,12.58,102.26,0.0,0.0,Fruits and Vegetables,OUT013,1990,High,Tier 1,Supermarket Type1,DR
FD1041,Low Fat,9.37,196.58,0.13,2331.85,Snack Foods,OUT046,2001,Medium,Tier 3,Supermarket Type1,DR
FD1047,Regular,6.9,224.74,0.07,1481.84,Fruits and Vegetables,OUT045,2009,High,Tier 1,Supermarket Type1,DR
FD1034,Regular,10.99,148.6,0.01,1797.23,Health and Hygiene,OUT045,1991,Medium,Tier 1,Grocery Store,DR
FD1011,Regular,7.63,65.22,0.08,2328.66,Fruits and Vegetables,OUT019,2009,Medium,Tier 2,Grocery Store,DR
FD1072,Regular,17.57,250.32,0.09,1272.73,Household,OUT017,1994,Medium,Tier 1,Supermarket Type1,DR
FD1015,Regular,15.38,140.53,0.06,3118.54,Household,OUT010,1998,High,Tier 3,Supermarket Type2,DR
FD1095,Low Fat,16.17,118.94,0.0,2901.43,Frozen Foods,OUT035,2002,Medium,Tier 3,Grocery Store,DR
FD1043,Regular,16.98,250.85,0.17,1656.16,Health and Hygiene,OUT018,1997,Medium,Tier 2,Supermarket Type1,DR
FD1036,Low Fat,9.93,189.81,0.02,3279.94,Dairy,OUT049,1992,High,Tier 1,Supermarket Type2,DR
FD1094,Low Fat,9.84,248.95,0.13,3137.78,Frozen Foods,OUT017,2002,Medium,Tier 1,Supermarket Type3,DR
FD1076,Regular,11.03,194.47,0.16,2386.99,Meat,OUT045,1993,High,Tier 2,Supermarket Type2,DR
FD1006,Regular,20.32,145.48,0.0,192.76,Meat,OUT045,1988,Small,Tier 2,Grocery Store,DR
FD1048,Regular,6.51,124.76,0.16,1665.94,Snack Foods,OUT013,1999,High,Tier 1,Supermarket Type3,DR
FD1069,Low Fat,9.77,129.09,0.13,4661.95,Household,OUT027,2005,Medium,Tier 1,Grocery Store,DR
FD1068,Low Fat,13.52,107.68,0.09,2612.98,Frozen Foods,OUT013,1987,High,Tier 3,Grocery Store,DR
FD1018,Low Fat,11.23,246.9,0.03,2228.86,Snack Foods,OUT010,2000,Small,Tier 3,Grocery Store,DR
FD1088,Regular,15.23,228.64,0.1,2933.19,Baking Goods,OUT045,2004,Small,Tier 3,Supermarket Type2,DR
FD1047,Regular,3.74,-23.76,0.13,2310.87,Dairy,OUT035,1996,High,Tier 1,Supermarket Type3,DR
FD1029,Regular,7.97,204.14,0.05,1130.72,Breakfast,OUT019,2004,Small,Tier 3,Supermarket Type2,DR
FD1042,Regular,9.8,242.16,0.05,3931.91,Soft Drinks,OUT018,1995,Medium,Tier 3,Grocery Store,DR
FD1019,Low Fat,12.13,177.46,0.11,4243.79,Household,OUT019,2004,Small,Tier 3,Supermarket Type3,DR
FD1058,Regular,6.14,78.66,0.03,2406.16,Breakfast,OUT017,2009,Small,Tier 3,Supermarket Type2,DR
FD1081,Low Fat,16.15,157.36,0.17,2594.38,Meat,OUT013,1998,Medium,Tier 2,Supermarket Type2,DR
FD1077,Low Fat,6.34,179.94,0.0,4255.54,Dairy,OUT049,1999,High,Tier 3,Supermarket Type3,DR
FD1033,Low Fat,14.53,134.68,0.1,1367.97,Health and Hygiene,OUT017,1991,Small,Tier 3,Grocery Store,DR
FD1074,Regular,12.27,300.35,0.09,2447.66,Baking Goods,OUT010,2006,Medium,Tier 3,Supermarket Type1,DR
FD1081,Low Fat,17.99,260.39,0.14,3108.0,Snack Foods,OUT010,2007,High,Tier 1,Supermarket Type1,DR
FD1076,Regular,12.55,192.28,0.21,2296.31,Baking Goods,OUT046,2005,High,Tier 2,Supermarket Type1,DR
FD1016,Low Fat,10.54,148.91,0.05,1877.74,Breakfast,OUT035,2001,Medium,Tier 3,Supermarket Type2,DR
FD1041,Low Fat,12.33,152.74,0.05,1910.29,Soft Drinks,OUT010,1993,High,Tier 3,Grocery Store,NC
FD1067,Low Fat,16.71,147.67,0.12,1925.51,Fruits and Vegetables,OUT046,2001,Small,Tier 3,Supermarket Type2,NC
FD1011,Regular,14.3,216.61,0.07,5484.81,Baking Goods,OUT027,1998,Medium,Tier 3,Grocery Store,NC
FD1015,Low Fat,2.46,200.46,0.14,3167.13,Fruits and Vegetables,OUT013,1998,Small,Tier 1,Supermarket Type2,NC
FD1002,Regular,9.8,206.73,0.12,1511.38,Snack Foods,OUT027,2000,Small,Tier 1,Supermarket Type2,NC
FD1033,Regular,7.96,241.72,0.08,1930.84,Soft Drinks,OUT018,1987,Small,Tier 2,Supermarket Type2,NC
FD1026,Regular,15.11,413.62,0.16,6317.1,Snack Foods,OUT013,1992,High,Tier 3,Grocery Store,NC
FD1099,Regular,12.34,192.39,0.19,2186.73,Baking Goods,OUT027,1998,Medium,Tier 3,Grocery Store,NC
FD1058,Regular,18.77,231.16,0.1,1104.2,Soft Drinks,OUT019,2000,Small,Tier 2,Supermarket Type3,NC
FD1071,Regular,14.68,167.42,0.13,1050.37,Fruits and Vegetables,OUT010,1996,Medium,Tier 1,Supermarket Type1,NC
FD1043,Regular,16.33,272.49,0.04,2391.39,Frozen Foods,OUT045,2004,High,Tier 1,Supermarket Type2,NC
FD1074,Regular,11.72,111.5,0.23,1899.05,Household,OUT019,1996,Small,Tier 2,Supermarket Type3,NC
FD1056,Low Fat,11.56,141.83,0.04,555.63,Health and Hygiene,OUT018,2000,Medium,Tier 3,Grocery Store,NC
FD1030,Regular,14.17,86.81,0.12,3297.81,Soft Drinks,OUT010,1992,Small,Tier 2,Grocery Store,NC
FD1055,Low Fat,12.15,155.84,0.15,3164.37,Breakfast,OUT027,1999,Medium,Tier 3,Supermarket Type2,NC
FD1026,Low Fat,19.62,299.41,0.06,1895.76,Soft Drinks,OUT017,2004,Small,Tier 1,Supermarket Type3,NC
FD1020,Low Fat,17.81,249.74,0.2,1993.02,Meat,OUT010,2000,High,Tier 3,Supermarket Type2,NC
FD1022,Low Fat,17.65,161.18,0.07,2841.84,Household,OUT018,2008,High,Tier 2,Supermarket Type3,NC
FD1046,Low Fat,12.84,100.12,0.07,0.0,Health and Hygiene,OUT045,1991,High,Tier 2,Supermarket Type3,NC
FD1033,Regular,15.83,228.42,0.19,1954.54,Breakfast,OUT027,1992,Medium,Tier 3,Supermarket Type3,NC
FD1072,Low Fat,10.11,177.68,0.11,3388.51,Soft Drinks,OUT018,2004,High,Tier 3,Grocery Store,NC
FD1064,Regular,16.6,300.94,0.11,5801.59,Fruits and Vegetables,OUT045,1989,High,Tier 3,Grocery Store,NC
FD1004,Low Fat,15.26,18.07,0.15,4759.16,Frozen Foods,OUT045,1995,High,Tier 1,Supermarket Type3,NC
FD1025,Low Fat,9.99,105.43,0.02,3545.43,Breakfast,OUT035,2008,Small,Tier 3,Supermarket Type1,NC
FD1085,Low Fat,14.59,41.73,0.2,1673.25,Soft Drinks,OUT035,1997,Small,Tier 1,Grocery Store,NC
FD1016,Low Fat,10.38,174.78,0.12,1044.59,Dairy,OUT010,1993,Medium,Tier 2,Supermarket Type1,NC
FD1055,Low Fat,22.21,149.24,0.05,2203.21,Frozen Foods,OUT045,2003,Medium,Tier 3,Grocery Store,NC
FD1049,Low Fat,15.05,47.75,0.09,4612.21,Frozen Foods,OUT046,1996,Medium,Tier 1,Supermarket Type1,NC
FD1092,Low Fat,18.23,80.86,0.24,2484.5,Breakfast,OUT049,1996,Medium,Tier 1,Supermarket Type3,NC
FD1089,Regular,12.71,272.79,0.17,2956.97,Snack Foods,OUT018,2001,Medium,Tier 2,Supermarket Type3,NC
FD1054,Regular,14.55,184.65,0.03,3484.28,Soft Drinks,OUT010,2005,Medium,Tier 1,Supermarket Type3,NC
FD1041,Low Fat,12.08,297.09,0.11,2305.28,Meat,OUT019,2001,Small,Tier 2,Supermarket Type3,NC
FD1097,Low Fat,19.54,230.75,0.19,5623.01,Fruits and Vegetables,OUT045,2005,Medium,Tier 3,Supermarket Type1,NC
FD1060,Low Fat,7.2,151.04,0.1,1114.63,Frozen Foods,OUT027,1991,High,Tier 1,Supermarket Type2,NC
FD1008,Regular,14.67,0.96,0.08,2420.51,Household,OUT019,2001,High,Tier 1,Supermarket Type2,NC
FD1010,Regular,9.87,175.52,0.18,2790.6,Dairy,OUT019,1989,Medium,Tier 2,Grocery Store,NC
FD1028,Regular,15.79,285.29,0.05,1694.11,Dairy,OUT046,2009,High,Tier 3,Grocery Store,NC
FD1071,Regular,19.19,215.79,0.18,4085.8,Soft Drinks,OUT045,2003,High,Tier 3,Supermarket Type1,NC
FD1004,Regular,12.24,69.14,0.15,1286.64,Household,OUT035,2005,High,Tier 3,Supermarket Type1,NC
FD1078,Low Fat,7.8,190.23,0.11,1288.95,Dairy,OUT035,1991,Medium,Tier 3,Grocery Store,NC
FD1066,Regular,15.46,139.46,0.11,3635.07,Frozen Foods,OUT010,1986,Medium,Tier 3,Supermarket Type2,NC
FD1061,Regular,10.69,203.77,0.09,2730.75,Dairy,OUT013,2009,Medium,Tier 3,Supermarket Type1,NC
FD1029,Low Fat,11.62,221.63,0.12,3065.93,Meat,OUT045,2004,High,Tier 2,Grocery Store,NC
FD1069,Regular,15.68,171.3,0.0,1562.84,Dairy,OUT035,1987,High,Tier 1,Supermarket Type3,NC
FD1075,Low Fat,13.86,254.18,0.06,1574.1,Household,OUT019,1988,Medium,Tier 3,Supermarket Type2,NC
FD1004,Low Fat,14.06,194.53,0.15,3805.21,Frozen Foods,OUT045,2007,Medium,Tier 1,Grocery Store,NC
FD1070,Low Fat,5.42,191.65,0.0,5098.16,Dairy,OUT019,2003,Medium,Tier 3,Supermarket Type3,NC
FD1038,Low Fat,10.19,174.78,0.0,4183.29,Dairy,OUT027,2003,High,Tier 3,Supermarket Type3,NC
FD1004,Low Fat,8.44,159.22,0.07,3134.25,Snack Foods,OUT027,1988,Small,Tier 1,Grocery Store,NC
FD1036,Low Fat,11.09,236.3,0.04,3891.36,Meat,OUT019,2005,Small,Tier 3,Grocery Store,NC
FD1011,Low Fat,10.77,257.53,0.02,3508.86,Frozen Foods,OUT010,2008,Small,Tier 2,Supermarket Type2,NC
FD1081,Low Fat,7.25,238.61,0.01,2351.9,Meat,OUT046,1990,Small,Tier 1,Supermarket Type2,NC
FD1074,Low Fat,11.06,290.92,0.09,1530.08,Snack Foods,OUT045,2008,Medium,Tier 2,Supermarket Type3,NC
FD1086,Low Fat,9.6,177.29,0.01,4907.1,Fruits and Vegetables,OUT013,1990,Medium,Tier 3,Supermarket Type1,NC
FD1099,Regular,12.25,187.49,0.11,4680.58,Health and Hygiene,OUT010,1993,High,Tier 3,Supermarket Type2,NC
FD1080,Low Fat,11.11,128.68,0.06,2267.66,Fruits and Vegetables,OUT010,1994,Small,Tier 3,Supermarket Type2,NC
FD1047,Low Fat,14.75,89.3,0.16,3468.14,Fruits and Vegetables,OUT013,2004,High,Tier 2,Grocery Store,NC
FD1032,Low Fat,15.54,223.16,0.05,2833.14,Snack Foods,OUT019,2004,High,Tier 3,Supermarket Type1,NC
FD1092,Regular,19.9,279.21,0.14,274.18,Frozen Foods,OUT017,1994,High,Tier 1,Supermarket Type1,NC
FD1016,Regular,10.53,334.03,0.07,2332.02,Fruits and Vegetables,OUT013,1986,Small,Tier 2,Supermarket Type3,NC
FD1054,Low Fat,17.53,170.13,0.07,3109.64,Soft Drinks,OUT019,1993,High,Tier 2,Supermarket Type3,NC
FD1051,Regular,15.56,216.59,0.07,3024.55,Fruits and Vegetables,OUT018,2001,High,Tier 2,Supermarket Type2,NC
FD1079,Low Fat,16.82,192.9,0.07,2381.06,Meat,OUT046,1992,High,Tier 2,Grocery Store,NC
FD1026,Low Fat,9.82,270.55,0.16,974.9,Fruits and Vegetables,OUT018,1998,High,Tier 2,Grocery Store,NC
FD1097,Low Fat,10.46,263.03,0.15,6712.79,Health and Hygiene,OUT046,2000,Small,Tier 2,Grocery Store,NC
FD1043,Low Fat,14.53,169.22,0.13,5660.09,Baking Goods,OUT045,1988,High,Tier 1,Supermarket Type1,NC
FD1044,Low Fat,5.26,125.92,0.19,3283.39,Fruits and Vegetables,OUT010,1992,Medium,Tier 1,Grocery Store,NC
FD1060,Low Fat,13.73,305.27,0.03,3101.25,Baking Goods,OUT046,2007,Medium,Tier 2,Supermarket Type2,NC
FD1073,Low Fat,12.41,158.91,0.13,3543.01,Frozen Foods,OUT045,1992,High,Tier 2,Grocery Store,NC
FD1050,Regular,13.39,155.74,0.07,2105.88,Frozen Foods,OUT013,2009,High,Tier 2,Supermarket Type1,NC
FD1000,Low Fat,13.78,180.7,0.04,3312.27,Frozen Foods,OUT013,1996,Small,Tier 1,Supermarket Type1,NC
FD1021,Low Fat,12.27,88.53,0.12,3081.81,Meat,OUT049,2004,High,Tier 3,Supermarket Type2,NC
FD1082,Regular,9.33,184.27,0.06,4853.54,Fruits and Vegetables,OUT035,1993,Medium,Tier 2,Supermarket Type3,NC
FD1019,Low Fat,14.56,175.1,0.02,0.0,Breakfast,OUT046,2008,High,Tier 3,Supermarket Type1,NC
FD1020,Regular,12.85,101.16,0.11,2411.3,Meat,OUT027,2008,Small,Tier 3,Supermarket Type2,NC
FD1033,Regular,14.16,204.97,0.09,1084.56,Snack Foods,OUT018,2007,Medium,Tier 1,Supermarket Type1,NC
FD1078,Low Fat,15.41,134.99,0.22,2317.66,Meat,OUT017,1985,High,Tier 2,Supermarket Type3,NC
FD1095,Low Fat,4.08,206.55,0.12,1698.3,Dairy,OUT046,1997,Medium,Tier 3,Supermarket Type2,NC
FD1097,Regular,17.12,188.25,0.15,4396.61,Snack Foods,OUT013,1999,Medium,Tier 3,Grocery Store,NC
FD1077,Regular,10.97,260.99,0.19,2597.15,Meat,OUT019,2003,Medium,Tier 2,Grocery Store,NC
FD1073,Low Fat,8.69,115.33,0.05,4273.33,Breakfast,OUT013,2009,High,Tier 3,Grocery Store,NC
FD1059,Regular,11.0,182.91,0.09,4278.39,Meat,OUT035,1990,Medium,Tier 1,Supermarket Type2,NC
FD1009,Low Fat,9.44,160.05,0.02,3717.91,Meat,OUT019,1986,Medium,Tier 3,Supermarket Type2,NC
FD1050,Regular,10.22,94.14,0.09,2363.22,Frozen Foods,OUT018,2000,Small,Tier 2,Supermarket Type3,NC
FD1051,Low Fat,13.07,248.57,0.0,3411.47,Fruits and Vegetables,OUT046,2004,Medium,Tier 1,Grocery Store,NC
FD1062,Low Fat,12.06,224.01,0.14,3315.04,Snack Foods,OUT013,1988,High,Tier 3,Supermarket Type1,NC
FD1064,Regular,10.62,38.32,0.18,2069.02,Snack Foods,OUT046,1988,Medium,Tier 1,Supermarket Type3,NC
FD1096,Regular,13.92,176.59,0.13,3073.66,Soft Drinks,OUT017,2006,Small,Tier 2,Supermarket Type3,NC
FD1023,Low Fat,8.51,157.73,0.11,3506.03,Dairy,OUT046,2005,Medium,Tier 3,Supermarket Type1,NC
FD1086,Regular,14.29,279.0,0.11,4186.11,Health and Hygiene,OUT049,1999,Medium,Tier 1,Supermarket Type1,NC
FD1083,Regular,12.96,233.96,0.04,1716.3,Household,OUT013,2003,Small,Tier 2,Supermarket Type1,NC
FD1097,Low Fat,20.63,282.9,0.1,4464.65,Dairy,OUT017,2008,High,Tier 3,Supermarket Type2,NC
FD1051,Regular,7.59,224.3,0.18,3403.47,Snack Foods,OUT035,2001,Medium,Tier 1,Supermarket Type1,NC
FD1003,Regular,7.63,174.65,0.14,3508.39,Breakfast,OUT027,1998,Medium,Tier 2,Grocery Store,NC
FD1091,Regular,13.52,129.56,0.11,2741.42,Frozen Foods,OUT018,1991,High,Tier 3,Supermarket Type3,NC
FD1055,Regular,13.15,184.03,0.13,1756.74,Frozen Foods,OUT035,2001,Small,Tier 1,Supermarket Type1,NC
FD1057,Regular,8.35,95.54,0.04,3054.18,Health and Hygiene,OUT045,1993,High,Tier 3,Supermarket Type3,NC
FD1052,Low Fat,12.67,110.15,0.03,768.61,Breakfast,OUT018,1991,Small,Tier 2,Grocery Store,NC
FD1000,Regular,14.98,303.55,0.09,4188.36,Health and Hygiene,OUT018,2003,Medium,Tier 1,Supermarket Type2,NC
FD1015,Low Fat,13.25,146.25,0.06,1601.57,Frozen Foods,OUT027,2006,Small,Tier 1,Supermarket Type1,NC
